Gemeentecode,Gemeentenaam,Provinciecode,Provincienaam,GemiddeldAardgasverbruik,GemiddeldElektriciteitsverbruik,Unnamed: 0,distance,WeerStation,pctzon_gemiddeld,FG_gemiddeld,Inwoneraantal,"Groot, middelgroot en klein",Kleur,AantalInstallatiesBijWoningen,OpgesteldVermogenVanZonnepanelen
1680,AA EN HUNZE,22,DRENTHE,632890.0,1093470.0,9964.0,15.328114898722944,EELDE,   35.6,4.2,,,GEEL,7634.0,29820.0
358,AALSMEER,27,NOORD-HOLLAND,148310.0,319190.0,3685.0,6.678454844986809,SCHIPHOL,37.7,5.0,31499.0,Klein,NO DATA,4866.0,17104.0
197,AALTEN,25,GELDERLAND,325310.0,690380.0,1858.0,17.757337509431217,HUPSEL,   36.3,3.4,,,NO DATA,5919.0,22730.0
59,ACHTKARSPELEN,21,FRIESLAND,263420.0,482300.0,611.0,26.13613653510113,LEEUWARDEN,38.0,4.7,,,NO DATA,5151.0,22527.0
482,ALBLASSERDAM,28,ZUID-HOLLAND,255920.0,645420.0,5088.0,17.77484840798876,ROTTERDAM,37.1,4.4,,,NO DATA,1759.0,5507.0
613,ALBRANDSWAARD,28,ZUID-HOLLAND,277330.0,655960.0,6414.0,11.723887237926505,ROTTERDAM,37.1,4.4,,,NO DATA,2536.0,8376.0
361,ALKMAAR,27,NOORD-HOLLAND,667390.0,1421100.0,3693.0,15.201391255676649,BERKHOUT,   38.6,,108470.0,Groot,NO DATA,18748.0,54994.0
141,ALMELO,23,OVERIJSSEL,756600.0,1617440.0,1321.0,18.105173950502056,TWENTHE,35.7,3.5,72629.0,Middelgroot,ROOD,9203.0,32723.0
34,ALMERE,24,FLEVOLAND,276280.0,1251620.0,326.0,23.046987373088484,LELYSTAD,37.6,4.4,203990.0,Groot,NO DATA,34406.0,110691.0
484,ALPHEN AAN DEN RIJN,28,ZUID-HOLLAND,994440.0,2310430.0,5118.0,17.01693152693006,VOORSCHOTEN,,,109682.0,Groot,NO DATA,19345.0,61787.0
1723,ALPHEN-CHAAM,30,NOORD-BRABANT,183320.0,382210.0,10486.0,7.777024022218206,GILZE-RIJEN,36.9,3.7,,,ROOD,1388.0,6677.0
1959,ALTENA,30,NOORD-BRABANT,684710.0,1642800.0,,,,,,54766.0,Middelgroot,ORANJE,8732.0,31069.0
60,AMELAND,21,FRIESLAND,87330.0,150080.0,637.0,25.141007207514427,LEEUWARDEN,38.0,4.7,,,NO DATA,619.0,2438.0
307,AMERSFOORT,26,UTRECHT,1385760.0,3222310.0,3072.0,16.32845527836891,DE BILT,36.4,3.6,155226.0,Groot,NO DATA,31804.0,87360.0
362,AMSTELVEEN,27,NOORD-HOLLAND,635560.0,1383400.0,3737.0,5.484191736389232,SCHIPHOL,37.7,5.0,89870.0,Middelgroot,NO DATA,9598.0,30328.0
363,AMSTERDAM,27,NOORD-HOLLAND,2696480.0,6701330.0,3763.0,13.421231148936675,SCHIPHOL,37.7,5.0,854047.0,Groot,NO DATA,38652.0,110761.0
200,APELDOORN,25,GELDERLAND,1058190.0,2204380.0,1875.0,16.96294044103787,DEELEN,35.0,3.8,161156.0,Groot,NO DATA,33106.0,97972.0
3,APPINGEDAM,20,GRONINGEN,76840.0,134280.0,17.0,24.651372042178807,NIEUW BEERTA,36.6,5.0,,,ROOD,3729.0,12987.0
202,ARNHEM,25,GELDERLAND,928010.0,1949580.0,1901.0,7.962575787536061,DEELEN,35.0,3.8,157223.0,Groot,NO DATA,18999.0,60166.0
106,ASSEN,22,DRENTHE,941630.0,1785320.0,1150.0,13.312665212414844,EELDE,   35.6,4.2,67708.0,Middelgroot,GEEL,18738.0,59349.0
743,ASTEN,30,NOORD-BRABANT,169750.0,383670.0,7365.0,27.84793282899257,EINDHOVEN,36.9,3.8,,,ORANJE,2906.0,13285.0
744,BAARLE-NASSAU,30,NOORD-BRABANT,108320.0,237320.0,7392.0,14.474592066237705,GILZE-RIJEN,36.9,3.7,,,ORANJE,789.0,3181.0
308,BAARN,26,UTRECHT,332170.0,593560.0,3098.0,13.471456030471323,DE BILT,36.4,3.6,,,NO DATA,4525.0,11284.0
489,BARENDRECHT,28,ZUID-HOLLAND,602850.0,1641760.0,5140.0,13.203071827605816,ROTTERDAM,37.1,4.4,48477.0,Klein,NO DATA,5629.0,17869.0
203,BARNEVELD,25,GELDERLAND,619710.0,1342090.0,1927.0,22.29077697307589,DEELEN,35.0,3.8,57339.0,Middelgroot,NO DATA,9928.0,36936.0
888,BEEK,31,LIMBURG,116020.0,240980.0,8777.0,3.974964102589347,MAASTRICHT,36.1,4.2,,,GEEL,5211.0,17440.0
1954,BEEKDAELEN,31,LIMBURG,424270.0,838800.0,,,,,,35969.0,Klein,WIT,10318.0,41744.0
370,BEEMSTER,27,NOORD-HOLLAND,130080.0,274190.0,3849.0,9.70316995586877,BERKHOUT,   38.6,,,,NO DATA,1950.0,7737.0
889,BEESEL,31,LIMBURG,101490.0,236410.0,8788.0,26.9037886531776,ARCEN,35.8,3.1,,,ORANJE,3473.0,13540.0
1945,BERG EN DAL,25,GELDERLAND,515950.0,1044370.0,,,,,,34748.0,Klein,NO DATA,6757.0,24763.0
1724,BERGEIJK,30,NOORD-BRABANT,599960.0,1334020.0,10511.0,13.711416813796564,EINDHOVEN,36.9,3.8,,,ROOD,3670.0,17108.0
893,BERGEN (L.),31,LIMBURG,212460.0,491030.0,8814.0,12.83297295764442,ARCEN,35.8,3.1,,,ROOD,2484.0,11375.0
373,BERGEN (NH.),27,NOORD-HOLLAND,479350.0,881590.0,3875.0,20.39855911799693,BERKHOUT,   38.6,,,,NO DATA,8869.0,25951.0
748,BERGEN OP ZOOM,30,NOORD-BRABANT,413910.0,940070.0,7435.0,44.00605337748137,WESTDORPE,37.7,4.2,66354.0,Middelgroot,GEEL,14039.0,37213.0
1859,BERKELLAND,25,GELDERLAND,447630.0,895720.0,10880.0,6.920542722565244,HUPSEL,   36.3,3.4,44029.0,Klein,NO DATA,9777.0,39594.0
1721,BERNHEZE,30,NOORD-BRABANT,618740.0,1428230.0,10450.0,13.448067192890845,VOLKEL,37.2,3.7,30550.0,Klein,ORANJE,5292.0,23200.0
753,BEST,30,NOORD-BRABANT,188940.0,420970.0,7443.0,6.278914336893092,EINDHOVEN,36.9,3.8,,,ORANJE,7323.0,27347.0
209,BEUNINGEN,25,GELDERLAND,388730.0,900110.0,1974.0,22.819342387441893,VOLKEL,37.2,3.7,,,NO DATA,4773.0,17721.0
375,BEVERWIJK,27,NOORD-HOLLAND,407010.0,917000.0,3919.0,21.053338192488454,SCHIPHOL,37.7,5.0,41077.0,Klein,NO DATA,6150.0,18838.0
310,DE BILT,26,UTRECHT,423390.0,807570.0,3124.0,4.206464693369935,DE BILT,36.4,3.6,42846.0,Klein,NO DATA,4663.0,15417.0
1728,BLADEL,30,NOORD-BRABANT,178240.0,414740.0,10537.0,12.226618041940055,EINDHOVEN,36.9,3.8,,,ROOD,3482.0,15051.0
376,BLARICUM,27,NOORD-HOLLAND,76480.0,167630.0,3930.0,21.11666802108689,DE BILT,36.4,3.6,,,NO DATA,1269.0,4599.0
377,BLOEMENDAAL,27,NOORD-HOLLAND,392880.0,685130.0,3971.0,14.31652751711163,SCHIPHOL,37.7,5.0,,,NO DATA,2365.0,7431.0
1901,BODEGRAVEN-REEUWIJK,28,ZUID-HOLLAND,381360.0,908920.0,,,,,,33948.0,Klein,NO DATA,6290.0,21008.0
755,BOEKEL,30,NOORD-BRABANT,112170.0,276950.0,7486.0,6.047260962521936,VOLKEL,37.2,3.7,,,ROOD,1974.0,9978.0
1681,BORGER-ODOORN,22,DRENTHE,538850.0,911130.0,9994.0,27.293579228661017,HOOGEVEEN,36.3,4.0,,,ROOD,7379.0,29732.0
147,BORNE,23,OVERIJSSEL,175480.0,409680.0,1347.0,10.509868652977891,TWENTHE,35.7,3.5,,,GEEL,4665.0,17479.0
654,BORSELE,29,ZEELAND,384480.0,811870.0,6835.0,14.063571860395134,VLISSINGEN,40.2,6.4,,,NO DATA,8331.0,24539.0
756,BOXMEER,30,NOORD-BRABANT,413560.0,944210.0,7512.0,17.22108942156742,VOLKEL,37.2,3.7,,,ROOD,6058.0,27107.0
757,BOXTEL,30,NOORD-BRABANT,206950.0,465680.0,7521.0,15.391283566980327,EINDHOVEN,36.9,3.8,30672.0,Klein,ROOD,6668.0,25871.0
758,BREDA,30,NOORD-BRABANT,597810.0,1489390.0,7548.0,12.260087917163364,GILZE-RIJEN,36.9,3.7,183448.0,Groot,ROOD,17476.0,61714.0
501,BRIELLE,28,ZUID-HOLLAND,160700.0,405030.0,5270.0,20.09706075526189,ROTTERDAM,37.1,4.4,,,NO DATA,2461.0,7500.0
1876,BRONCKHORST,25,GELDERLAND,535860.0,1072460.0,10906.0,25.79559693375777,HUPSEL,   36.3,3.4,36352.0,Klein,NO DATA,8130.0,32303.0
213,BRUMMEN,25,GELDERLAND,459970.0,901220.0,1979.0,18.31348289567905,DEELEN,35.0,3.8,,,NO DATA,4154.0,15981.0
899,BRUNSSUM,31,LIMBURG,429980.0,901530.0,8855.0,15.100246678693226,MAASTRICHT,36.1,4.2,,,WIT,5849.0,20775.0
312,BUNNIK,26,UTRECHT,127070.0,252630.0,3176.0,6.841831070253027,DE BILT,36.4,3.6,,,NO DATA,3534.0,12165.0
313,BUNSCHOTEN,26,UTRECHT,127450.0,286270.0,3202.0,19.67662202480934,DE BILT,36.4,3.6,,,NO DATA,2926.0,10177.0
214,BUREN,25,GELDERLAND,458630.0,1008340.0,2011.0,20.032481196164547,HERWIJNEN,37.6,4.1,,,NO DATA,4970.0,19542.0
502,CAPELLE AAN DEN IJSSEL,28,ZUID-HOLLAND,440560.0,1411130.0,5296.0,9.113801789606237,ROTTERDAM,37.1,4.4,66854.0,Middelgroot,NO DATA,5543.0,13962.0
383,CASTRICUM,27,NOORD-HOLLAND,300400.0,584060.0,4005.0,20.45943908138985,BERKHOUT,   38.6,,35608.0,Klein,NO DATA,10408.0,29881.0
109,COEVORDEN,22,DRENTHE,642850.0,1212390.0,1180.0,11.49955202118841,HOOGEVEEN,36.3,4.0,35299.0,Klein,ROOD,11855.0,39609.0
1706,CRANENDONCK,30,NOORD-BRABANT,228070.0,512690.0,10277.0,23.127465842407403,EINDHOVEN,36.9,3.8,,,ROOD,4399.0,18354.0
1684,CUIJK,30,NOORD-BRABANT,256880.0,580590.0,10034.0,12.330491886655006,VOLKEL,37.2,3.7,,,ROOD,5190.0,19143.0
216,CULEMBORG,25,GELDERLAND,91090.0,216680.0,2037.0,10.621036740368424,HERWIJNEN,37.6,4.1,,,NO DATA,6615.0,19788.0
148,DALFSEN,23,OVERIJSSEL,395300.0,794440.0,1362.0,34.16243148786252,HOOGEVEEN,36.3,4.0,,,ROOD,9435.0,34710.0
1891,DANTUMADIEL,21,FRIESLAND,197180.0,336070.0,10985.0,17.299864712728915,LEEUWARDEN,38.0,4.7,,,NO DATA,4053.0,14206.0
503,DELFT,28,ZUID-HOLLAND,566810.0,1417260.0,5322.0,7.437471689886757,ROTTERDAM,37.1,4.4,102253.0,Groot,NO DATA,10476.0,25756.0
10,DELFZIJL,20,GRONINGEN,473330.0,805680.0,121.0,19.157613188685904,NIEUW BEERTA,36.6,5.0,,,ROOD,7774.0,26415.0
762,DEURNE,30,NOORD-BRABANT,251670.0,567460.0,7590.0,25.83882054637745,VOLKEL,37.2,3.7,32137.0,Klein,ROOD,5301.0,21832.0
150,DEVENTER,23,OVERIJSSEL,760360.0,1607220.0,1381.0,33.04323543405214,DEELEN,35.0,3.8,99653.0,Middelgroot,ORANJE,15112.0,50088.0
384,DIEMEN,27,NOORD-HOLLAND,196690.0,609060.0,4049.0,13.111350699827245,SCHIPHOL,37.7,5.0,,,NO DATA,3059.0,10009.0
1774,DINKELLAND,23,OVERIJSSEL,612780.0,1289620.0,10811.0,8.521195864303198,TWENTHE,35.7,3.5,,,GEEL,5301.0,23487.0
221,DOESBURG,25,GELDERLAND,85550.0,181290.0,2057.0,19.224967311065832,DEELEN,35.0,3.8,,,NO DATA,1845.0,6548.0
222,DOETINCHEM,25,GELDERLAND,821220.0,1743140.0,2092.0,27.91703145032013,HUPSEL,   36.3,3.4,57382.0,Middelgroot,NO DATA,13163.0,44752.0
766,DONGEN,30,NOORD-BRABANT,176990.0,409310.0,7626.0,8.095972939792059,GILZE-RIJEN,36.9,3.7,,,ORANJE,4287.0,15913.0
505,DORDRECHT,28,ZUID-HOLLAND,909800.0,2111670.0,5358.0,24.429992166238577,CABAUW,      -,4.3,118426.0,Groot,NO DATA,9634.0,29680.0
498,DRECHTERLAND,27,NOORD-HOLLAND,229160.0,468980.0,5201.0,12.26364858851172,BERKHOUT,   38.6,,,,NO DATA,5352.0,18490.0
1719,DRIMMELEN,30,NOORD-BRABANT,206560.0,486670.0,10408.0,19.260097463463527,GILZE-RIJEN,36.9,3.7,,,ORANJE,4033.0,14846.0
303,DRONTEN,24,FLEVOLAND,365050.0,846110.0,3004.0,13.5629793439229,LELYSTAD,37.6,4.4,40735.0,Klein,NO DATA,11522.0,42935.0
225,DRUTEN,25,GELDERLAND,182940.0,394250.0,2130.0,25.12238742791089,VOLKEL,37.2,3.7,,,NO DATA,3401.0,13107.0
226,DUIVEN,25,GELDERLAND,116880.0,448020.0,2135.0,16.032206812004492,DEELEN,35.0,3.8,,,NO DATA,4568.0,17246.0
1711,ECHT-SUSTEREN,31,LIMBURG,531220.0,1102280.0,10363.0,21.756459551137645,MAASTRICHT,36.1,4.2,31751.0,Klein,ROOD,7827.0,31521.0
385,EDAM-VOLENDAM,27,NOORD-HOLLAND,387190.0,783580.0,4057.0,16.33113561641713,BERKHOUT,   38.6,,35953.0,Klein,NO DATA,4765.0,17036.0
228,EDE,25,GELDERLAND,838060.0,1888470.0,2161.0,12.195140845172576,DEELEN,35.0,3.8,114682.0,Groot,NO DATA,19902.0,68192.0
317,EEMNES,26,UTRECHT,103100.0,198150.0,3228.0,17.830868551487303,DE BILT,36.4,3.6,,,NO DATA,3002.0,8584.0
770,EERSEL,30,NOORD-BRABANT,309690.0,650770.0,7651.0,6.696023880664499,EINDHOVEN,36.9,3.8,,,ROOD,3793.0,16859.0
1903,EIJSDEN-MARGRATEN,31,LIMBURG,456170.0,876410.0,,,,,,,,WIT,7647.0,31486.0
772,EINDHOVEN,30,NOORD-BRABANT,1164080.0,2470070.0,7677.0,5.611997760328371,EINDHOVEN,36.9,3.8,229126.0,Groot,GEEL,36473.0,116556.0
230,ELBURG,25,GELDERLAND,214280.0,452310.0,2198.0,22.21229562601852,LELYSTAD,37.6,4.4,,,NO DATA,5493.0,18683.0
114,EMMEN,22,DRENTHE,1042450.0,1979910.0,1206.0,24.91786982219961,HOOGEVEEN,36.3,4.0,107192.0,Groot,ROOD,24494.0,92379.0
388,ENKHUIZEN,27,NOORD-HOLLAND,105300.0,219980.0,4102.0,21.40095842862084,STAVOREN,40.0,5.9,,,NO DATA,2850.0,8479.0
153,ENSCHEDE,23,OVERIJSSEL,756140.0,1738070.0,1425.0,4.530519108519468,TWENTHE,35.7,3.5,158261.0,Groot,GEEL,19383.0,67151.0
232,EPE,25,GELDERLAND,372060.0,725620.0,2213.0,30.02841016195348,DEELEN,35.0,3.8,32863.0,Klein,NO DATA,5377.0,20871.0
233,ERMELO,25,GELDERLAND,178540.0,391720.0,2250.0,20.940683459264896,LELYSTAD,37.6,4.4,,,NO DATA,6715.0,23604.0
777,ETTEN-LEUR,30,NOORD-BRABANT,450830.0,1069730.0,7704.0,20.638632823453086,GILZE-RIJEN,36.9,3.7,43532.0,Klein,ORANJE,5745.0,22605.0
1940,DE FRYSKE MARREN,21,FRIESLAND,1023840.0,1939250.0,,,,,,51742.0,Middelgroot,NO DATA,12226.0,43707.0
779,GEERTRUIDENBERG,30,NOORD-BRABANT,110980.0,274260.0,7730.0,15.234487213725323,GILZE-RIJEN,36.9,3.7,,,ORANJE,3063.0,11017.0
1771,GELDROP-MIERLO,30,NOORD-BRABANT,156700.0,336220.0,10745.0,14.836321562829088,EINDHOVEN,36.9,3.8,39252.0,Klein,GEEL,8613.0,31657.0
1652,GEMERT-BAKEL,30,NOORD-BRABANT,326900.0,779650.0,9696.0,13.531414274709984,VOLKEL,37.2,3.7,30340.0,Klein,ROOD,6918.0,26121.0
907,GENNEP,31,LIMBURG,208940.0,485640.0,8916.0,20.021338024622505,VOLKEL,37.2,3.7,,,ROOD,3558.0,13680.0
784,GILZE EN RIJEN,30,NOORD-BRABANT,139540.0,343190.0,7756.0,1.783831794363955,GILZE-RIJEN,36.9,3.7,,,ORANJE,4614.0,18772.0
1924,GOEREE-OVERFLAKKEE,28,ZUID-HOLLAND,609830.0,1346730.0,,,,,,49129.0,Klein,NO DATA,12899.0,40603.0
664,GOES,29,ZEELAND,315730.0,685490.0,6861.0,19.60714976735718,VLISSINGEN,40.2,6.4,37636.0,Klein,NO DATA,11826.0,33848.0
785,GOIRLE,30,NOORD-BRABANT,443340.0,1073910.0,7782.0,9.210986457791012,GILZE-RIJEN,36.9,3.7,,,ORANJE,3960.0,15497.0
1942,GOOISE MEREN,27,NOORD-HOLLAND,763060.0,1425580.0,,,,,,57337.0,Middelgroot,NO DATA,4993.0,15118.0
512,GORINCHEM,28,ZUID-HOLLAND,315290.0,771590.0,5417.0,11.82160484689685,HERWIJNEN,37.6,4.1,36284.0,Klein,NO DATA,3858.0,11697.0
513,GOUDA,28,ZUID-HOLLAND,477740.0,1065250.0,5436.0,15.857141436378956,CABAUW,      -,4.3,72700.0,Middelgroot,NO DATA,9593.0,25731.0
786,GRAVE,30,NOORD-BRABANT,210730.0,454950.0,7824.0,9.763948405334231,VOLKEL,37.2,3.7,,,ROOD,2263.0,8970.0
518,'S-GRAVENHAGE,28,ZUID-HOLLAND,1344290.0,3002430.0,5482.0,11.458084225988388,VOORSCHOTEN,,,532561.0,Groot,NO DATA,29805.0,76786.0
14,GRONINGEN,20,GRONINGEN,1195430.0,2297760.0,136.0,10.713731633452534,EELDE,   35.6,4.2,229962.0,Groot,GEEL,39344.0,115059.0
1729,GULPEN-WITTEM,31,LIMBURG,395740.0,748790.0,10571.0,15.048113936689038,MAASTRICHT,36.1,4.2,,,GEEL,3206.0,12506.0
158,HAAKSBERGEN,23,OVERIJSSEL,388070.0,824750.0,1442.0,11.667267732573189,HUPSEL,   36.3,3.4,,,WIT,4487.0,16233.0
788,HAAREN,30,NOORD-BRABANT,193410.0,419180.0,7834.0,21.574571476511583,GILZE-RIJEN,36.9,3.7,,,ORANJE,2948.0,11910.0
392,HAARLEM,27,NOORD-HOLLAND,1038760.0,2095650.0,4127.0,12.374101786198189,SCHIPHOL,37.7,5.0,159709.0,Groot,NO DATA,14269.0,38835.0
394,HAARLEMMERMEER,27,NOORD-HOLLAND,1072340.0,2420350.0,4179.0,8.54164615903554,SCHIPHOL,37.7,5.0,153149.0,Groot,NO DATA,27774.0,84633.0
1655,HALDERBERGE,30,NOORD-BRABANT,258310.0,572160.0,9706.0,28.93532140572045,GILZE-RIJEN,36.9,3.7,,,GEEL,5562.0,20569.0
160,HARDENBERG,23,OVERIJSSEL,934010.0,1995920.0,1466.0,18.41624917221253,HOOGEVEEN,36.3,4.0,60539.0,Middelgroot,ROOD,11928.0,48567.0
243,HARDERWIJK,25,GELDERLAND,641060.0,1380970.0,2328.0,15.35403275797571,LELYSTAD,37.6,4.4,46832.0,Klein,NO DATA,7587.0,23408.0
523,HARDINXVELD-GIESSENDAM,28,ZUID-HOLLAND,58010.0,137630.0,5488.0,16.09463737270554,CABAUW,      -,4.3,,,NO DATA,4170.0,11022.0
72,HARLINGEN,21,FRIESLAND,140880.0,254500.0,741.0,21.358375423786445,LEEUWARDEN,38.0,4.7,,,NO DATA,7275.0,20091.0
244,HATTEM,25,GELDERLAND,144030.0,259340.0,2356.0,27.13753414432823,MARKNESSE,38.2,4.2,,,NO DATA,2187.0,7694.0
396,HEEMSKERK,27,NOORD-HOLLAND,400770.0,867460.0,4231.0,22.39404108840171,SCHIPHOL,37.7,5.0,39146.0,Klein,NO DATA,7531.0,23785.0
397,HEEMSTEDE,27,NOORD-HOLLAND,239170.0,439090.0,4257.0,12.24876174917908,SCHIPHOL,37.7,5.0,,,NO DATA,3099.0,8644.0
246,HEERDE,25,GELDERLAND,164470.0,323970.0,2382.0,35.600961208493,MARKNESSE,38.2,4.2,,,NO DATA,3457.0,13341.0
74,HEERENVEEN,21,FRIESLAND,369330.0,703280.0,767.0,31.836894164813547,LEEUWARDEN,38.0,4.7,50192.0,Middelgroot,NO DATA,12123.0,42175.0
398,HEERHUGOWAARD,27,NOORD-HOLLAND,445260.0,1163620.0,4265.0,9.719580586758378,BERKHOUT,   38.6,,55850.0,Middelgroot,NO DATA,15886.0,48343.0
917,HEERLEN,31,LIMBURG,787740.0,1640560.0,8933.0,14.688493426840038,MAASTRICHT,36.1,4.2,86762.0,Middelgroot,WIT,14637.0,51453.0
1658,HEEZE-LEENDE,30,NOORD-BRABANT,164670.0,348180.0,9731.0,16.62416153721738,EINDHOVEN,36.9,3.8,,,ROOD,3289.0,14170.0
399,HEILOO,27,NOORD-HOLLAND,295130.0,546490.0,4291.0,18.83026329188159,BERKHOUT,   38.6,,,,NO DATA,6020.0,18089.0
400,DEN HELDER,27,NOORD-HOLLAND,552920.0,1080000.0,4321.0,0.9602231221934312,DE KOOY,,,55760.0,Middelgroot,NO DATA,9942.0,26074.0
163,HELLENDOORN,23,OVERIJSSEL,508350.0,1033360.0,1503.0,31.515796929771533,TWENTHE,35.7,3.5,35796.0,Klein,ORANJE,6410.0,26443.0
530,HELLEVOETSLUIS,28,ZUID-HOLLAND,362290.0,1022550.0,5530.0,25.12673928843029,ROTTERDAM,37.1,4.4,39997.0,Klein,NO DATA,4963.0,16126.0
794,HELMOND,30,NOORD-BRABANT,484830.0,1223600.0,7859.0,19.73291549834647,EINDHOVEN,36.9,3.8,90903.0,Middelgroot,ORANJE,13356.0,44195.0
531,HENDRIK-IDO-AMBACHT,28,ZUID-HOLLAND,166610.0,413820.0,5556.0,18.97218225025246,ROTTERDAM,37.1,4.4,30677.0,Klein,NO DATA,4201.0,12389.0
164,HENGELO,23,OVERIJSSEL,642800.0,1379150.0,1529.0,6.86842741232978,TWENTHE,35.7,3.5,,,GEEL,9984.0,36847.0
796,'S-HERTOGENBOSCH,30,NOORD-BRABANT,985580.0,2318090.0,7887.0,20.46486973402908,HERWIJNEN,37.6,4.1,153434.0,Groot,GEEL,18673.0,66087.0
252,HEUMEN,25,GELDERLAND,199840.0,446440.0,2416.0,15.524795123258194,VOLKEL,37.2,3.7,,,NO DATA,4226.0,16687.0
797,HEUSDEN,30,NOORD-BRABANT,303800.0,695920.0,7913.0,17.74670926259156,HERWIJNEN,37.6,4.1,43723.0,Klein,ORANJE,7156.0,27598.0
534,HILLEGOM,28,ZUID-HOLLAND,241350.0,579530.0,5609.0,14.475478118551935,SCHIPHOL,37.7,5.0,,,NO DATA,4039.0,10746.0
798,HILVARENBEEK,30,NOORD-BRABANT,180860.0,404970.0,7937.0,16.487143830123316,EINDHOVEN,36.9,3.8,,,ORANJE,2799.0,11911.0
402,HILVERSUM,27,NOORD-HOLLAND,571290.0,1028940.0,4346.0,16.153728220375793,DE BILT,36.4,3.6,89521.0,Middelgroot,NO DATA,9280.0,23826.0
1963,HOEKSCHE WAARD,28,ZUID-HOLLAND,523150.0,1183110.0,,,,,,86115.0,Middelgroot,NO DATA,15123.0,47796.0
1735,HOF VAN TWENTE,23,OVERIJSSEL,591770.0,1217830.0,10672.0,18.57328787802796,HUPSEL,   36.3,3.4,34930.0,Klein,GEEL,7437.0,28674.0
1966,HET HOGELAND,20,GRONINGEN,825230.0,1308400.0,,,,,,48019.0,Klein,GEEL,17606.0,57370.0
1911,HOLLANDS KROON,27,NOORD-HOLLAND,495590.0,1045150.0,,,,,,47681.0,Klein,NO DATA,10771.0,38556.0
118,HOOGEVEEN,22,DRENTHE,580470.0,1149120.0,1232.0,5.396157242362325,HOOGEVEEN,36.3,4.0,55677.0,Middelgroot,ROOD,16744.0,53842.0
405,HOORN,27,NOORD-HOLLAND,691140.0,1550880.0,4369.0,5.944139756227819,BERKHOUT,   38.6,,72806.0,Middelgroot,NO DATA,13226.0,37300.0
1507,HORST AAN DE MAAS,31,LIMBURG,658750.0,1453450.0,9412.0,9.53231239754752,ARCEN,35.8,3.1,42271.0,Klein,ROOD,11491.0,48555.0
321,HOUTEN,26,UTRECHT,468510.0,1323260.0,3254.0,10.463169801860529,DE BILT,36.4,3.6,49579.0,Klein,NO DATA,10032.0,31078.0
406,HUIZEN,27,NOORD-HOLLAND,435590.0,857150.0,4398.0,21.8646055466008,DE BILT,36.4,3.6,41369.0,Klein,NO DATA,9570.0,25573.0
677,HULST,29,ZEELAND,518880.0,1026880.0,6915.0,21.760476243206,WESTDORPE,37.7,4.2,,,NO DATA,10085.0,29935.0
353,IJSSELSTEIN,26,UTRECHT,252800.0,626860.0,3590.0,9.618732511764607,CABAUW,      -,4.3,34302.0,Klein,NO DATA,4575.0,14675.0
1884,KAAG EN BRAASSEM,28,ZUID-HOLLAND,298790.0,678600.0,10968.0,14.373443332887096,VOORSCHOTEN,,,,,NO DATA,6381.0,22724.0
166,KAMPEN,23,OVERIJSSEL,408710.0,818230.0,1550.0,15.708216223236592,MARKNESSE,38.2,4.2,53259.0,Middelgroot,ROOD,10609.0,33672.0
678,KAPELLE,29,ZEELAND,84910.0,177910.0,6939.0,26.289816779583035,VLISSINGEN,40.2,6.4,,,NO DATA,4300.0,12903.0
537,KATWIJK,28,ZUID-HOLLAND,440020.0,1017470.0,5638.0,5.416380857705905,VOORSCHOTEN,,,64956.0,Middelgroot,NO DATA,7908.0,22666.0
928,KERKRADE,31,LIMBURG,240670.0,482980.0,8959.0,20.635598415135124,MAASTRICHT,36.1,4.2,45823.0,Klein,WIT,13311.0,43070.0
1598,KOGGENLAND,27,NOORD-HOLLAND,569690.0,1264810.0,9543.0,2.1277554668051057,BERKHOUT,   38.6,,,,NO DATA,5096.0,17627.0
542,KRIMPEN AAN DEN IJSSEL,28,ZUID-HOLLAND,85240.0,187870.0,5660.0,11.321263814737383,ROTTERDAM,37.1,4.4,,,NO DATA,2913.0,10143.0
1931,KRIMPENERWAARD,28,ZUID-HOLLAND,708160.0,1575300.0,,,,,,55644.0,Middelgroot,NO DATA,6930.0,22773.0
1659,LAARBEEK,30,NOORD-BRABANT,190030.0,423920.0,9774.0,15.61013626760321,VOLKEL,37.2,3.7,,,ROOD,4446.0,18622.0
1685,LANDERD,30,NOORD-BRABANT,164930.0,384430.0,10060.0,7.272382724803503,VOLKEL,37.2,3.7,,,ROOD,3342.0,14830.0
882,LANDGRAAF,31,LIMBURG,327760.0,674800.0,8751.0,19.2339552321987,MAASTRICHT,36.1,4.2,37612.0,Klein,WIT,11004.0,38509.0
415,LANDSMEER,27,NOORD-HOLLAND,117390.0,254590.0,4465.0,17.475504436166318,SCHIPHOL,37.7,5.0,,,NO DATA,2205.0,9298.0
416,LANGEDIJK,27,NOORD-HOLLAND,79430.0,189130.0,4473.0,13.92502306470524,BERKHOUT,   38.6,,,,NO DATA,8133.0,23388.0
1621,LANSINGERLAND,28,ZUID-HOLLAND,637030.0,1636700.0,9586.0,5.878760486470607,ROTTERDAM,37.1,4.4,61155.0,Middelgroot,NO DATA,12697.0,36323.0
417,LAREN,27,NOORD-HOLLAND,176910.0,327510.0,4502.0,17.010648490909904,DE BILT,36.4,3.6,,,NO DATA,573.0,2214.0
80,LEEUWARDEN,21,FRIESLAND,1152690.0,2174630.0,819.0,4.697423395920725,LEEUWARDEN,38.0,4.7,122415.0,Groot,NO DATA,28214.0,90692.0
546,LEIDEN,28,ZUID-HOLLAND,495220.0,1150540.0,5716.0,3.672740900774641,VOORSCHOTEN,,,124306.0,Groot,NO DATA,10607.0,28411.0
547,LEIDERDORP,28,ZUID-HOLLAND,180260.0,421900.0,5742.0,7.094386541077499,VOORSCHOTEN,,,,,NO DATA,3300.0,11184.0
1916,LEIDSCHENDAM-VOORBURG,28,ZUID-HOLLAND,539730.0,1111310.0,11124.0,6.351016525087891,VOORSCHOTEN,,,74947.0,Middelgroot,NO DATA,6369.0,19273.0
995,LELYSTAD,24,FLEVOLAND,721630.0,1967790.0,9400.0,10.958978248906044,LELYSTAD,37.6,4.4,77389.0,Middelgroot,NO DATA,18866.0,60992.0
1640,LEUDAL,31,LIMBURG,501730.0,1089610.0,9609.0,36.38174843761891,MAASTRICHT,36.1,4.2,35857.0,Klein,GEEL,8979.0,39504.0
327,LEUSDEN,26,UTRECHT,345670.0,748960.0,3280.0,18.40053286692452,DE BILT,36.4,3.6,,,NO DATA,6822.0,22724.0
1705,LINGEWAARD,25,GELDERLAND,274670.0,602590.0,10247.0,17.733316926325575,DEELEN,35.0,3.8,46372.0,Klein,NO DATA,9638.0,34493.0
553,LISSE,28,ZUID-HOLLAND,262000.0,590660.0,5768.0,14.653352511152754,VOORSCHOTEN,,,,,NO DATA,5328.0,12724.0
262,LOCHEM,25,GELDERLAND,472280.0,896500.0,2430.0,26.035306020732275,HUPSEL,   36.3,3.4,33574.0,Klein,NO DATA,8041.0,30242.0
809,LOON OP ZAND,30,NOORD-BRABANT,362660.0,843280.0,7990.0,12.114993591341053,GILZE-RIJEN,36.9,3.7,,,ORANJE,3098.0,11599.0
331,LOPIK,26,UTRECHT,171420.0,380420.0,3330.0,2.490235845260842,CABAUW,      -,4.3,,,NO DATA,2448.0,9226.0
24,LOPPERSUM,20,GRONINGEN,258630.0,404700.0,266.0,26.27844457917212,EELDE,   35.6,4.2,,,GEEL,4536.0,17710.0
168,LOSSER,23,OVERIJSSEL,210310.0,426170.0,1581.0,7.210507317383553,TWENTHE,35.7,3.5,,,GEEL,4723.0,17848.0
263,MAASDRIEL,25,GELDERLAND,311440.0,678400.0,2453.0,13.275126154083202,HERWIJNEN,37.6,4.1,,,NO DATA,6523.0,22768.0
1641,MAASGOUW,31,LIMBURG,278580.0,547750.0,9635.0,29.077108336395508,MAASTRICHT,36.1,4.2,,,ROOD,6580.0,26106.0
556,MAASSLUIS,28,ZUID-HOLLAND,216070.0,524520.0,5790.0,14.140054594551785,ROTTERDAM,37.1,4.4,32518.0,Klein,NO DATA,2774.0,7996.0
935,MAASTRICHT,31,LIMBURG,535380.0,1063410.0,8985.0,6.975905130427596,MAASTRICHT,36.1,4.2,122723.0,Groot,WIT,15204.0,48914.0
420,MEDEMBLIK,27,NOORD-HOLLAND,635230.0,1379320.0,4525.0,10.087604919862171,BERKHOUT,   38.6,,44480.0,Klein,NO DATA,11998.0,37299.0
938,MEERSSEN,31,LIMBURG,215560.0,417500.0,9037.0,0.5487136220726804,MAASTRICHT,36.1,4.2,,,WIT,4668.0,18729.0
1948,MEIERIJSTAD,30,NOORD-BRABANT,973390.0,2166120.0,,,,,,80148.0,Middelgroot,ORANJE,18674.0,71632.0
119,MEPPEL,22,DRENTHE,456790.0,938430.0,1264.0,21.51488257748152,MARKNESSE,38.2,4.2,33410.0,Klein,ROOD,7478.0,25114.0
687,MIDDELBURG,29,ZEELAND,239730.0,480830.0,6991.0,8.375489558913543,VLISSINGEN,40.2,6.4,48303.0,Klein,NO DATA,11616.0,30928.0
1842,MIDDEN-DELFLAND,28,ZUID-HOLLAND,145190.0,308170.0,10860.0,9.12455221537344,ROTTERDAM,37.1,4.4,,,NO DATA,4850.0,14509.0
1731,MIDDEN-DRENTHE,22,DRENTHE,605140.0,1093740.0,10618.0,14.264914462194133,HOOGEVEEN,36.3,4.0,33172.0,Klein,ROOD,12505.0,42912.0
1952,MIDDEN-GRONINGEN,20,GRONINGEN,938150.0,1673030.0,,,,,,60951.0,Middelgroot,ROOD,19292.0,66631.0
815,MILL EN SINT HUBERT,30,NOORD-BRABANT,202940.0,460840.0,8032.0,5.429553336932003,VOLKEL,37.2,3.7,,,ROOD,2190.0,10410.0
1709,MOERDIJK,30,NOORD-BRABANT,443300.0,1051880.0,10330.0,28.26149213505684,GILZE-RIJEN,36.9,3.7,36967.0,Klein,ORANJE,6777.0,24151.0
1978,MOLENLANDEN,28,ZUID-HOLLAND,910680.0,1869380.0,,,,,,43846.0,Klein,NO DATA,6517.0,23451.0
1955,MONTFERLAND,25,GELDERLAND,310910.0,691750.0,11157.0,28.82823821047136,DEELEN,35.0,3.8,35627.0,Klein,NO DATA,9504.0,37957.0
335,MONTFOORT,26,UTRECHT,158470.0,349850.0,3382.0,9.194054755281368,CABAUW,      -,4.3,,,NO DATA,2544.0,8585.0
944,MOOK EN MIDDELAAR,31,LIMBURG,94590.0,187650.0,9072.0,16.7629748607471,VOLKEL,37.2,3.7,,,ROOD,1929.0,7768.0
1740,NEDER-BETUWE,25,GELDERLAND,217040.0,478910.0,10689.0,24.58853510975852,DEELEN,35.0,3.8,,,NO DATA,3503.0,12828.0
946,NEDERWEERT,31,LIMBURG,209550.0,487150.0,9081.0,34.01965663821251,EINDHOVEN,36.9,3.8,,,ROOD,5034.0,21928.0
356,NIEUWEGEIN,26,UTRECHT,238120.0,857710.0,3644.0,9.74234834188758,DE BILT,36.4,3.6,62426.0,Middelgroot,NO DATA,7430.0,22245.0
569,NIEUWKOOP,28,ZUID-HOLLAND,286580.0,673150.0,5869.0,16.69656483526941,SCHIPHOL,37.7,5.0,,,NO DATA,4682.0,16446.0
267,NIJKERK,25,GELDERLAND,387560.0,873800.0,2500.0,25.136043880919683,DE BILT,36.4,3.6,42307.0,Klein,NO DATA,9574.0,33522.0
268,NIJMEGEN,25,GELDERLAND,483560.0,1042100.0,2546.0,22.10130962880246,VOLKEL,37.2,3.7,175948.0,Groot,NO DATA,28139.0,83485.0
1930,NISSEWAARD,28,ZUID-HOLLAND,693350.0,1926700.0,,,,,,84588.0,Middelgroot,NO DATA,11458.0,30438.0
1970,NOARDEAST-FRYSLÂN,21,FRIESLAND,,,,,,,,,,NO DATA,,
1695,NOORD-BEVELAND,29,ZEELAND,156480.0,305310.0,10111.0,19.31691988981859,VLISSINGEN,40.2,6.4,,,NO DATA,2553.0,8502.0
1699,NOORDENVELD,22,DRENTHE,366990.0,633030.0,10146.0,8.909540043488654,EELDE,   35.6,4.2,32370.0,Klein,GEEL,9410.0,33756.0
171,NOORDOOSTPOLDER,24,FLEVOLAND,495430.0,1089900.0,1602.0,6.730122155657996,MARKNESSE,38.2,4.2,46625.0,Klein,NO DATA,8387.0,34802.0
575,NOORDWIJK,28,ZUID-HOLLAND,203390.0,424660.0,5924.0,12.252919370138134,VOORSCHOTEN,,,42661.0,Klein,NO DATA,6126.0,19413.0
820,"NUENEN, GERWEN EN NEDERWETTEN",30,NOORD-BRABANT,160500.0,335420.0,8041.0,11.958793791085087,EINDHOVEN,36.9,3.8,,,GEEL,4863.0,18682.0
302,NUNSPEET,25,GELDERLAND,185060.0,375360.0,2978.0,21.465805569465942,LELYSTAD,37.6,4.4,,,NO DATA,4143.0,15694.0
579,OEGSTGEEST,28,ZUID-HOLLAND,142350.0,336980.0,5976.0,5.364826753562608,VOORSCHOTEN,,,,,NO DATA,4197.0,12062.0
823,OIRSCHOT,30,NOORD-BRABANT,201870.0,488210.0,8067.0,7.384040841520639,EINDHOVEN,36.9,3.8,,,ORANJE,2964.0,13530.0
824,OISTERWIJK,30,NOORD-BRABANT,428300.0,915420.0,8093.0,17.201232997507883,EINDHOVEN,36.9,3.8,,,ORANJE,3649.0,14185.0
1895,OLDAMBT,20,GRONINGEN,608780.0,1030200.0,11067.0,6.70532926597294,NIEUW BEERTA,36.6,5.0,38075.0,Klein,GEEL,6065.0,24106.0
269,OLDEBROEK,25,GELDERLAND,261530.0,548880.0,2564.0,26.53661595936814,MARKNESSE,38.2,4.2,,,NO DATA,4654.0,19701.0
173,OLDENZAAL,23,OVERIJSSEL,296250.0,637160.0,1633.0,4.649598239403505,TWENTHE,35.7,3.5,31915.0,Klein,NO DATA,5697.0,20935.0
1773,OLST-WIJHE,23,OVERIJSSEL,349870.0,716120.0,10767.0,39.922601458301,DEELEN,35.0,3.8,,,ORANJE,5688.0,20216.0
175,OMMEN,23,OVERIJSSEL,497370.0,975890.0,1648.0,27.31954606361562,HOOGEVEEN,36.3,4.0,,,ROOD,3841.0,15255.0
1586,OOST GELRE,25,GELDERLAND,478120.0,1031360.0,9528.0,7.733447409175299,HUPSEL,   36.3,3.4,,,NO DATA,6445.0,27556.0
826,OOSTERHOUT,30,NOORD-BRABANT,509210.0,1221460.0,8120.0,9.209068937874257,GILZE-RIJEN,36.9,3.7,55147.0,Middelgroot,ORANJE,8830.0,29874.0
85,OOSTSTELLINGWERF,21,FRIESLAND,680270.0,1175890.0,916.0,27.71060406450316,EELDE,   35.6,4.2,,,NO DATA,9857.0,30998.0
431,OOSTZAAN,27,NOORD-HOLLAND,65380.0,142900.0,4621.0,15.723672224802106,SCHIPHOL,37.7,5.0,,,NO DATA,1545.0,5313.0
432,OPMEER,27,NOORD-HOLLAND,124990.0,268320.0,4629.0,7.769728404923322,BERKHOUT,   38.6,,,,NO DATA,2952.0,9886.0
86,OPSTERLAND,21,FRIESLAND,603170.0,1115110.0,949.0,30.169568368381032,LEEUWARDEN,38.0,4.7,,,NO DATA,6915.0,27723.0
828,OSS,30,NOORD-BRABANT,1188910.0,2528370.0,8162.0,15.842520974719504,VOLKEL,37.2,3.7,90951.0,Middelgroot,GEEL,15117.0,58893.0
1509,OUDE IJSSELSTREEK,25,GELDERLAND,366810.0,786740.0,9450.0,25.99002637084482,HUPSEL,   36.3,3.4,39520.0,Klein,NO DATA,9876.0,40484.0
437,OUDER-AMSTEL,27,NOORD-HOLLAND,64290.0,184320.0,4673.0,8.97450826549602,SCHIPHOL,37.7,5.0,,,NO DATA,1823.0,5586.0
589,OUDEWATER,26,UTRECHT,196340.0,431400.0,6086.0,7.911168658689373,CABAUW,      -,4.3,,,NO DATA,1725.0,6199.0
1734,OVERBETUWE,25,GELDERLAND,358700.0,825540.0,10637.0,15.914835650165683,DEELEN,35.0,3.8,47481.0,Klein,NO DATA,8750.0,33484.0
590,PAPENDRECHT,28,ZUID-HOLLAND,82140.0,217330.0,6112.0,21.53386429165113,CABAUW,      -,4.3,32264.0,Klein,NO DATA,3521.0,10283.0
1894,PEEL EN MAAS,31,LIMBURG,374600.0,839040.0,11024.0,22.82092029399707,ARCEN,35.8,3.1,43312.0,Klein,ORANJE,13554.0,53701.0
765,PEKELA,20,GRONINGEN,83010.0,141810.0,7609.0,17.761292137415253,NIEUW BEERTA,36.6,5.0,,,GEEL,1758.0,6966.0
1926,PIJNACKER-NOOTDORP,28,ZUID-HOLLAND,265650.0,729200.0,11146.0,6.8288084420851884,ROTTERDAM,37.1,4.4,53634.0,Middelgroot,NO DATA,9694.0,31009.0
439,PURMEREND,27,NOORD-HOLLAND,132760.0,696200.0,4681.0,15.344112303673036,BERKHOUT,   38.6,,79983.0,Middelgroot,NO DATA,8669.0,26154.0
273,PUTTEN,25,GELDERLAND,166140.0,361640.0,2588.0,23.340902402102785,LELYSTAD,37.6,4.4,,,NO DATA,3633.0,14318.0
177,RAALTE,23,OVERIJSSEL,572530.0,1142360.0,1680.0,42.018413822073,MARKNESSE,38.2,4.2,37158.0,Klein,ORANJE,12228.0,43644.0
703,REIMERSWAAL,29,ZEELAND,286800.0,637470.0,7097.0,30.006553152308783,WESTDORPE,37.7,4.2,,,NO DATA,6024.0,16944.0
274,RENKUM,25,GELDERLAND,608840.0,1070000.0,2603.0,8.931710695504254,DEELEN,35.0,3.8,31338.0,Klein,NO DATA,5711.0,20010.0
339,RENSWOUDE,26,UTRECHT,43880.0,100400.0,3409.0,23.346645277019544,DEELEN,35.0,3.8,,,NO DATA,780.0,2868.0
1667,REUSEL-DE MIERDEN,30,NOORD-BRABANT,163180.0,375110.0,9809.0,16.55413154766309,EINDHOVEN,36.9,3.8,,,ROOD,2247.0,11345.0
275,RHEDEN,25,GELDERLAND,233100.0,439540.0,2629.0,12.676121843739326,DEELEN,35.0,3.8,43527.0,Klein,NO DATA,6117.0,21962.0
340,RHENEN,26,UTRECHT,442100.0,934610.0,3435.0,23.042643457306724,DEELEN,35.0,3.8,,,NO DATA,3837.0,12418.0
597,RIDDERKERK,28,ZUID-HOLLAND,212400.0,474270.0,6180.0,14.385952649171394,ROTTERDAM,37.1,4.4,45789.0,Klein,NO DATA,6321.0,17125.0
1742,RIJSSEN-HOLTEN,23,OVERIJSSEL,424160.0,797580.0,10724.0,28.424304641561985,HUPSEL,   36.3,3.4,38097.0,Klein,ORANJE,6551.0,22830.0
603,RIJSWIJK,28,ZUID-HOLLAND,346480.0,750670.0,6258.0,11.862519857987412,ROTTERDAM,37.1,4.4,52208.0,Middelgroot,NO DATA,7445.0,21168.0
1669,ROERDALEN,31,LIMBURG,250480.0,510790.0,9843.0,32.909598874275524,MAASTRICHT,36.1,4.2,,,ROOD,6055.0,23814.0
957,ROERMOND,31,LIMBURG,471970.0,997880.0,9126.0,35.59241422735006,ARCEN,35.8,3.1,57761.0,Middelgroot,WIT,11325.0,42699.0
736,DE RONDE VENEN,26,UTRECHT,359600.0,790520.0,7299.0,12.3236741099155,SCHIPHOL,37.7,5.0,43620.0,Klein,NO DATA,10172.0,31057.0
1674,ROOSENDAAL,30,NOORD-BRABANT,663300.0,1431740.0,9914.0,35.72773817709595,GILZE-RIJEN,36.9,3.7,77000.0,Middelgroot,GEEL,11141.0,42960.0
599,ROTTERDAM,28,ZUID-HOLLAND,655650.0,1755990.0,6206.0,4.941244287838411,ROTTERDAM,37.1,4.4,638712.0,Groot,NO DATA,27201.0,75146.0
277,ROZENDAAL,25,GELDERLAND,43740.0,93570.0,2655.0,7.334671359516006,DEELEN,35.0,3.8,,,NO DATA,200.0,890.0
840,RUCPHEN,30,NOORD-BRABANT,175250.0,403320.0,8172.0,26.786268508062907,GILZE-RIJEN,36.9,3.7,,,ORANJE,3045.0,12782.0
441,SCHAGEN,27,NOORD-HOLLAND,780940.0,1648920.0,4711.0,16.22544287249673,DE KOOY,,,46379.0,Klein,NO DATA,9564.0,33611.0
279,SCHERPENZEEL,25,GELDERLAND,54090.0,123160.0,2682.0,22.23242987815797,DE BILT,36.4,3.6,,,NO DATA,1239.0,4539.0
606,SCHIEDAM,28,ZUID-HOLLAND,475700.0,1077650.0,6284.0,5.483290412876857,ROTTERDAM,37.1,4.4,77907.0,Middelgroot,NO DATA,4002.0,12009.0
88,SCHIERMONNIKOOG,21,FRIESLAND,40180.0,64840.0,975.0,41.90924438985648,LEEUWARDEN,38.0,4.7,,,NO DATA,315.0,1242.0
1676,SCHOUWEN-DUIVELAND,29,ZEELAND,587020.0,1174200.0,9955.0,36.89435676208977,VLISSINGEN,40.2,6.4,33687.0,Klein,NO DATA,9787.0,30188.0
965,SIMPELVELD,31,LIMBURG,138880.0,255960.0,9193.0,17.78094622964515,MAASTRICHT,36.1,4.2,,,WIT,2760.0,10476.0
1702,SINT ANTHONIS,30,NOORD-BRABANT,197780.0,480590.0,10242.0,10.980236878867451,VOLKEL,37.2,3.7,,,ROOD,2307.0,11654.0
845,SINT-MICHIELSGESTEL,30,NOORD-BRABANT,311890.0,690510.0,8223.0,22.65008779484058,EINDHOVEN,36.9,3.8,,,ROOD,6309.0,25785.0
1883,SITTARD-GELEEN,31,LIMBURG,459980.0,990530.0,10935.0,12.184542059544883,MAASTRICHT,36.1,4.2,92956.0,Middelgroot,WIT,18923.0,69711.0
610,SLIEDRECHT,28,ZUID-HOLLAND,281930.0,621210.0,6320.0,18.91766230678435,CABAUW,      -,4.3,,,NO DATA,2957.0,8907.0
1714,SLUIS,29,ZEELAND,426130.0,780440.0,10397.0,12.673421976351488,VLISSINGEN,40.2,6.4,,,NO DATA,6087.0,19926.0
90,SMALLINGERLAND,21,FRIESLAND,319630.0,618970.0,1001.0,22.233610669899534,LEEUWARDEN,38.0,4.7,55889.0,Middelgroot,NO DATA,12156.0,42407.0
342,SOEST,26,UTRECHT,406740.0,839970.0,3462.0,11.160906460682211,DE BILT,36.4,3.6,46089.0,Klein,NO DATA,7240.0,25506.0
847,SOMEREN,30,NOORD-BRABANT,191580.0,435240.0,8275.0,22.81972823078248,EINDHOVEN,36.9,3.8,,,ORANJE,4651.0,21424.0
848,SON EN BREUGEL,30,NOORD-BRABANT,116720.0,254590.0,8301.0,10.894164678070725,EINDHOVEN,36.9,3.8,,,ORANJE,3972.0,15738.0
37,STADSKANAAL,20,GRONINGEN,330600.0,598130.0,355.0,23.05330991760176,NIEUW BEERTA,36.6,5.0,32258.0,Klein,ROOD,5790.0,25401.0
180,STAPHORST,23,OVERIJSSEL,320730.0,646280.0,1706.0,22.55644415553033,MARKNESSE,38.2,4.2,,,ROOD,3065.0,10898.0
532,STEDE BROEC,27,NOORD-HOLLAND,97950.0,216450.0,5565.0,17.82850956674212,BERKHOUT,   38.6,,,,NO DATA,6018.0,16772.0
851,STEENBERGEN,30,NOORD-BRABANT,203220.0,496860.0,8338.0,41.03164232859737,ROTTERDAM,37.1,4.4,,,ROOD,5146.0,17113.0
1708,STEENWIJKERLAND,23,OVERIJSSEL,1017010.0,1932370.0,10312.0,10.483772807635516,MARKNESSE,38.2,4.2,43768.0,Klein,ROOD,8580.0,30311.0
971,STEIN,31,LIMBURG,184740.0,394790.0,9219.0,7.255014347556316,MAASTRICHT,36.1,4.2,,,WIT,9075.0,34366.0
1904,STICHTSE VECHT,26,UTRECHT,945310.0,1967190.0,,,,,,64513.0,Middelgroot,NO DATA,9378.0,28347.0
1900,SÚDWEST-FRYSLÂN,21,FRIESLAND,,,,,,,,,,NO DATA,,
715,TERNEUZEN,29,ZEELAND,578510.0,1134150.0,7175.0,7.383455434650884,WESTDORPE,37.7,4.2,54440.0,Middelgroot,NO DATA,13225.0,40898.0
93,TERSCHELLING,21,FRIESLAND,179300.0,320780.0,1051.0,0.4551823330764621,HOORN (TERSCHELLING),,,,,NO DATA,654.0,2851.0
448,TEXEL,27,NOORD-HOLLAND,177710.0,335830.0,4737.0,15.307233632205008,DE KOOY,,,,,NO DATA,3201.0,10409.0
1525,TEYLINGEN,28,ZUID-HOLLAND,153830.0,339680.0,9486.0,9.274348413046033,VOORSCHOTEN,,,36584.0,Klein,NO DATA,6924.0,20253.0
716,THOLEN,29,ZEELAND,233420.0,522320.0,7199.0,40.57758019187096,VLISSINGEN,40.2,6.4,,,NO DATA,7023.0,20368.0
281,TIEL,25,GELDERLAND,338430.0,722070.0,2713.0,18.57851221209373,HERWIJNEN,37.6,4.1,41465.0,Klein,NO DATA,5478.0,18613.0
855,TILBURG,30,NOORD-BRABANT,1737750.0,5099460.0,8380.0,9.296581063011754,GILZE-RIJEN,36.9,3.7,215521.0,Groot,ORANJE,25762.0,82619.0
183,TUBBERGEN,23,OVERIJSSEL,339770.0,745020.0,1737.0,16.62682334270764,TWENTHE,35.7,3.5,,,ROOD,3165.0,14334.0
1700,TWENTERAND,23,OVERIJSSEL,366670.0,803500.0,10187.0,28.09746147591082,TWENTHE,35.7,3.5,33903.0,Klein,ROOD,6370.0,24077.0
1730,TYNAARLO,22,DRENTHE,547110.0,959590.0,10588.0,2.686842591567092,EELDE,   35.6,4.2,33462.0,Klein,GEEL,10319.0,36768.0
737,TYTSJERKSTERADIEL,21,FRIESLAND,401510.0,699970.0,7319.0,13.53344179978709,LEEUWARDEN,38.0,4.7,31870.0,Klein,NO DATA,8993.0,31063.0
856,UDEN,30,NOORD-BRABANT,301050.0,701430.0,8422.0,4.820378419664069,VOLKEL,37.2,3.7,41725.0,Klein,ROOD,11271.0,38672.0
450,UITGEEST,27,NOORD-HOLLAND,83770.0,188420.0,4759.0,21.75611230912424,BERKHOUT,   38.6,,,,NO DATA,3951.0,11558.0
451,UITHOORN,27,NOORD-HOLLAND,223270.0,494230.0,4803.0,9.138350552328774,SCHIPHOL,37.7,5.0,,,NO DATA,4248.0,13673.0
184,URK,24,FLEVOLAND,123280.0,269410.0,1758.0,18.64046525628691,MARKNESSE,38.2,4.2,,,NO DATA,2388.0,8923.0
344,UTRECHT,26,UTRECHT,744070.0,2079740.0,3488.0,7.1057085228928765,DE BILT,36.4,3.6,347483.0,Groot,NO DATA,41682.0,116340.0
1581,UTRECHTSE HEUVELRUG,26,UTRECHT,442820.0,844220.0,9494.0,15.85414082973565,DE BILT,36.4,3.6,49314.0,Klein,NO DATA,9417.0,29377.0
981,VAALS,31,LIMBURG,107950.0,229030.0,9245.0,20.35248583806118,MAASTRICHT,36.1,4.2,,,GEEL,2195.0,7119.0
994,VALKENBURG AAN DE GEUL,31,LIMBURG,330790.0,599830.0,9375.0,6.741154591588184,MAASTRICHT,36.1,4.2,,,GEEL,3324.0,14176.0
858,VALKENSWAARD,30,NOORD-BRABANT,246550.0,549150.0,8431.0,14.074944903588436,EINDHOVEN,36.9,3.8,30654.0,Klein,GEEL,6780.0,24700.0
47,VEENDAM,20,GRONINGEN,235470.0,404060.0,396.0,20.66003091196122,EELDE,   35.6,4.2,,,ROOD,3882.0,15435.0
345,VEENENDAAL,26,UTRECHT,396700.0,929860.0,3513.0,21.906334977102325,DEELEN,35.0,3.8,64918.0,Middelgroot,NO DATA,11183.0,36644.0
717,VEERE,29,ZEELAND,416840.0,819640.0,7225.0,12.515806573099086,VLISSINGEN,40.2,6.4,,,NO DATA,8096.0,25823.0
861,VELDHOVEN,30,NOORD-BRABANT,216210.0,489470.0,8483.0,3.870606962086726,EINDHOVEN,36.9,3.8,44925.0,Klein,ORANJE,8532.0,30777.0
453,VELSEN,27,NOORD-HOLLAND,680410.0,1419260.0,4829.0,18.96248165342702,SCHIPHOL,37.7,5.0,67831.0,Middelgroot,NO DATA,6931.0,19367.0
983,VENLO,31,LIMBURG,1132190.0,2385600.0,9256.0,12.003336757579078,ARCEN,35.8,3.1,101192.0,Groot,GEEL,21877.0,71713.0
984,VENRAY,31,LIMBURG,596150.0,1328570.0,9282.0,12.38612208248496,ARCEN,35.8,3.1,43341.0,Klein,ROOD,13280.0,45806.0
1961,VIJFHEERENLANDEN,26,UTRECHT,544030.0,1171460.0,,,,,,55001.0,Middelgroot,NO DATA,11002.0,32833.0
622,VLAARDINGEN,28,ZUID-HOLLAND,293090.0,715550.0,6518.0,8.764774281655333,ROTTERDAM,37.1,4.4,72050.0,Middelgroot,NO DATA,5774.0,13661.0
96,VLIELAND,21,FRIESLAND,32950.0,69600.0,1077.0,27.033486149779183,HOORN (TERSCHELLING),,,,,NO DATA,182.0,608.0
718,VLISSINGEN,29,ZEELAND,324690.0,704030.0,7251.0,3.5202169801876133,VLISSINGEN,40.2,6.4,44485.0,Klein,NO DATA,14830.0,33841.0
986,VOERENDAAL,31,LIMBURG,233760.0,460640.0,9323.0,11.70804871759313,MAASTRICHT,36.1,4.2,,,GEEL,3315.0,13440.0
626,VOORSCHOTEN,28,ZUID-HOLLAND,156500.0,332600.0,6574.0,1.3418710501675195,VOORSCHOTEN,,,,,NO DATA,2916.0,9284.0
285,VOORST,25,GELDERLAND,361360.0,740810.0,2759.0,25.17703946559171,DEELEN,35.0,3.8,,,NO DATA,4870.0,19301.0
865,VUGHT,30,NOORD-BRABANT,238730.0,498360.0,8509.0,23.877849989939325,EINDHOVEN,36.9,3.8,,,GEEL,3122.0,11482.0
1949,WAADHOEKE,21,FRIESLAND,1139670.0,2122820.0,,,,,,46112.0,Klein,NO DATA,9263.0,31823.0
866,WAALRE,30,NOORD-BRABANT,87630.0,173620.0,8535.0,9.146299449737302,EINDHOVEN,36.9,3.8,,,GEEL,3789.0,14541.0
867,WAALWIJK,30,NOORD-BRABANT,227090.0,514440.0,8562.0,14.943975380664677,GILZE-RIJEN,36.9,3.7,47725.0,Klein,ROOD,5388.0,20407.0
627,WADDINXVEEN,28,ZUID-HOLLAND,245630.0,564780.0,6596.0,16.95668615903111,ROTTERDAM,37.1,4.4,,,NO DATA,4859.0,15838.0
289,WAGENINGEN,25,GELDERLAND,357090.0,789960.0,2785.0,17.334871455090777,DEELEN,35.0,3.8,38412.0,Klein,NO DATA,8190.0,23476.0
629,WASSENAAR,28,ZUID-HOLLAND,375660.0,621160.0,6626.0,4.044123619254602,VOORSCHOTEN,,,,,NO DATA,2387.0,6971.0
852,WATERLAND,27,NOORD-HOLLAND,263200.0,556850.0,8347.0,21.432970125691828,BERKHOUT,   38.6,,,,NO DATA,2491.0,7346.0
988,WEERT,31,LIMBURG,534690.0,1133530.0,9341.0,33.48128129030396,EINDHOVEN,36.9,3.8,49855.0,Klein,ROOD,11204.0,43772.0
457,WEESP,27,NOORD-HOLLAND,222890.0,535830.0,4855.0,18.927648143114308,SCHIPHOL,37.7,5.0,,,NO DATA,3027.0,8708.0
1960,WEST BETUWE,25,GELDERLAND,742480.0,1647740.0,,,,,,50349.0,Middelgroot,NO DATA,10747.0,39883.0
668,WEST MAAS EN WAAL,25,GELDERLAND,275630.0,565980.0,6888.0,24.998229967735213,VOLKEL,37.2,3.7,,,NO DATA,6690.0,22364.0
1969,WESTERKWARTIER,20,GRONINGEN,935750.0,1672860.0,,,,,,62844.0,Middelgroot,GEEL,15129.0,59129.0
1701,WESTERVELD,22,DRENTHE,572030.0,1034060.0,10202.0,19.56740397023571,HOOGEVEEN,36.3,4.0,,,ROOD,8113.0,26823.0
293,WESTERVOORT,25,GELDERLAND,45910.0,167740.0,2811.0,12.966372543563306,DEELEN,35.0,3.8,,,NO DATA,2484.0,8962.0
1950,WESTERWOLDE,20,GRONINGEN,603680.0,1040720.0,,,,,,,,GEEL,4362.0,19032.0
1783,WESTLAND,28,ZUID-HOLLAND,764260.0,1854560.0,10834.0,15.061418163087962,ROTTERDAM,37.1,4.4,107492.0,Groot,NO DATA,15800.0,61091.0
98,WESTSTELLINGWERF,21,FRIESLAND,701050.0,1264220.0,1108.0,19.689475245597613,MARKNESSE,38.2,4.2,,,NO DATA,4931.0,21142.0
614,WESTVOORNE,28,ZUID-HOLLAND,181760.0,393120.0,6440.0,25.28269122148821,ROTTERDAM,37.1,4.4,,,NO DATA,3449.0,12055.0
189,WIERDEN,23,OVERIJSSEL,350350.0,736260.0,1789.0,23.43852313302437,TWENTHE,35.7,3.5,,,ROOD,4765.0,21209.0
296,WIJCHEN,25,GELDERLAND,608090.0,1389740.0,2884.0,17.97365485444305,VOLKEL,37.2,3.7,40847.0,Klein,NO DATA,8519.0,31417.0
1696,WIJDEMEREN,27,NOORD-HOLLAND,293260.0,582690.0,10118.0,16.619627823999434,DE BILT,36.4,3.6,,,NO DATA,3946.0,12610.0
352,WIJK BIJ DUURSTEDE,26,UTRECHT,229840.0,528840.0,3566.0,15.718613873750014,DE BILT,36.4,3.6,,,NO DATA,4374.0,14315.0
294,WINTERSWIJK,25,GELDERLAND,212340.0,435070.0,2846.0,12.997437826607005,HUPSEL,   36.3,3.4,,,NO DATA,6294.0,24696.0
873,WOENSDRECHT,30,NOORD-BRABANT,178270.0,413220.0,8631.0,39.952266338692326,WESTDORPE,37.7,4.2,,,GEEL,3790.0,14116.0
632,WOERDEN,26,UTRECHT,395850.0,836650.0,6632.0,15.42475938542727,CABAUW,      -,4.3,51758.0,Middelgroot,NO DATA,9801.0,28943.0
1690,DE WOLDEN,22,DRENTHE,536390.0,1004170.0,10072.0,14.539137579254415,HOOGEVEEN,36.3,4.0,,,ROOD,9435.0,31342.0
880,WORMERLAND,27,NOORD-HOLLAND,185050.0,384810.0,8685.0,17.606737239062518,BERKHOUT,   38.6,,,,NO DATA,3773.0,10961.0
351,WOUDENBERG,26,UTRECHT,142860.0,311390.0,3540.0,17.537192701095584,DE BILT,36.4,3.6,,,NO DATA,3249.0,9131.0
479,ZAANSTAD,27,NOORD-HOLLAND,655650.0,1382440.0,5063.0,17.065036060736283,SCHIPHOL,37.7,5.0,154865.0,Groot,NO DATA,16539.0,47841.0
297,ZALTBOMMEL,25,GELDERLAND,296440.0,699510.0,2895.0,7.669692967662089,HERWIJNEN,37.6,4.1,,,NO DATA,6615.0,22461.0
473,ZANDVOORT,27,NOORD-HOLLAND,212710.0,438040.0,4985.0,16.56544943101417,SCHIPHOL,37.7,5.0,,,NO DATA,924.0,3300.0
50,ZEEWOLDE,24,FLEVOLAND,98140.0,202610.0,456.0,12.102810703402003,LELYSTAD,37.6,4.4,,,NO DATA,5121.0,18988.0
355,ZEIST,26,UTRECHT,446130.0,896730.0,3618.0,5.00936629300726,DE BILT,36.4,3.6,63322.0,Middelgroot,NO DATA,7497.0,22214.0
299,ZEVENAAR,25,GELDERLAND,467130.0,1044910.0,2915.0,18.15101932522649,DEELEN,35.0,3.8,43402.0,Klein,NO DATA,8403.0,31566.0
637,ZOETERMEER,28,ZUID-HOLLAND,302180.0,771790.0,6678.0,9.642281948839845,VOORSCHOTEN,,,124695.0,Groot,NO DATA,16293.0,50008.0
638,ZOETERWOUDE,28,ZUID-HOLLAND,217240.0,479390.0,6704.0,6.193224699579422,VOORSCHOTEN,,,,,NO DATA,1830.0,5905.0
1892,ZUIDPLAS,28,ZUID-HOLLAND,432820.0,1062900.0,11016.0,11.905256077463306,ROTTERDAM,37.1,4.4,41882.0,Klein,NO DATA,6820.0,21745.0
879,ZUNDERT,30,NOORD-BRABANT,186160.0,404530.0,8666.0,20.287061405433462,GILZE-RIJEN,36.9,3.7,,,ORANJE,3513.0,15257.0
301,ZUTPHEN,25,GELDERLAND,370140.0,756230.0,2941.0,25.50610024968264,DEELEN,35.0,3.8,47537.0,Klein,NO DATA,8097.0,23831.0
1896,ZWARTEWATERLAND,23,OVERIJSSEL,361420.0,742320.0,11092.0,16.095446670063744,MARKNESSE,38.2,4.2,,,ROOD,3404.0,11751.0
642,ZWIJNDRECHT,28,ZUID-HOLLAND,656700.0,1468820.0,6726.0,19.31964878690379,ROTTERDAM,37.1,4.4,44586.0,Klein,NO DATA,4229.0,13015.0
193,ZWOLLE,23,OVERIJSSEL,772210.0,1698240.0,1810.0,25.44950578107789,MARKNESSE,38.2,4.2,126116.0,Groot,ROOD,28684.0,87308.0
